firstname,lastname,email,company_name,company_id,company_address,phone
Glennie,Fritsch,cmarks@hotmail.com,"Collins, Herman and Corwin",14-2385039,"221 O'Keefe Corner
East Lizethshire, KY 77830","(720) 562-2371"
Glennie,Fritsch,cmarks@hotmail.com,"Collins, Herman and Corwin",14-2385039,"221 O'Keefe Corner
East Lizethshire, KY 77830","(720) 562-2371",Aubree,Tremblay,leanna52@hotmail.com,Barrows-Kuvalis,32-0812867,"71144 Murphy Shoal Suite 056
New Arlenefort, NC 27725-5129",+1-210-385-6086
Glennie,Fritsch,cmarks@hotmail.com,"Collins, Herman and Corwin",14-2385039,"221 O'Keefe Corner
East Lizethshire, KY 77830","(720) 562-2371",Aubree,Tremblay,leanna52@hotmail.com,Barrows-Kuvalis,32-0812867,"71144 Murphy Shoal Suite 056
New Arlenefort, NC 27725-5129",+1-210-385-6086,Connie,Deckow,bobbie98@rau.com,"Donnelly, Trantow and Bayer",33-3258076,"81499 Jacobs Burg
Port Aron, AZ 09126",1-865-521-0466
Glennie,Fritsch,cmarks@hotmail.com,"Collins, Herman and Corwin",14-2385039,"221 O'Keefe Corner
East Lizethshire, KY 77830","(720) 562-2371",Aubree,Tremblay,leanna52@hotmail.com,Barrows-Kuvalis,32-0812867,"71144 Murphy Shoal Suite 056
New Arlenefort, NC 27725-5129",+1-210-385-6086,Connie,Deckow,bobbie98@rau.com,"Donnelly, Trantow and Bayer",33-3258076,"81499 Jacobs Burg
Port Aron, AZ 09126",1-865-521-0466,Shanna,Farrell,alanis67@gmail.com,"Johnston, Hamill and Feil",40-1313197,"510 Ulises Tunnel
Lake Joaquinmouth, DC 71514",1-478-972-4420
Glennie,Fritsch,cmarks@hotmail.com,"Collins, Herman and Corwin",14-2385039,"221 O'Keefe Corner
East Lizethshire, KY 77830","(720) 562-2371",Aubree,Tremblay,leanna52@hotmail.com,Barrows-Kuvalis,32-0812867,"71144 Murphy Shoal Suite 056
New Arlenefort, NC 27725-5129",+1-210-385-6086,Connie,Deckow,bobbie98@rau.com,"Donnelly, Trantow and Bayer",33-3258076,"81499 Jacobs Burg
Port Aron, AZ 09126",1-865-521-0466,Shanna,Farrell,alanis67@gmail.com,"Johnston, Hamill and Feil",40-1313197,"510 Ulises Tunnel
Lake Joaquinmouth, DC 71514",1-478-972-4420,Sophie,Hermiston,dicki.nash@mckenzie.com,"Hermann PLC",73-6591166,"888 Lehner Drive
Mannview, VA 00670-3714",+1-435-509-1418
Glennie,Fritsch,cmarks@hotmail.com,"Collins, Herman and Corwin",14-2385039,"221 O'Keefe Corner
East Lizethshire, KY 77830","(720) 562-2371",Aubree,Tremblay,leanna52@hotmail.com,Barrows-Kuvalis,32-0812867,"71144 Murphy Shoal Suite 056
New Arlenefort, NC 27725-5129",+1-210-385-6086,Connie,Deckow,bobbie98@rau.com,"Donnelly, Trantow and Bayer",33-3258076,"81499 Jacobs Burg
Port Aron, AZ 09126",1-865-521-0466,Shanna,Farrell,alanis67@gmail.com,"Johnston, Hamill and Feil",40-1313197,"510 Ulises Tunnel
Lake Joaquinmouth, DC 71514",1-478-972-4420,Sophie,Hermiston,dicki.nash@mckenzie.com,"Hermann PLC",73-6591166,"888 Lehner Drive
Mannview, VA 00670-3714",+1-435-509-1418,Michelle,Johnson,okon.melody@sauer.com,Brekke-Huel,52-1622750,"857 Rohan Light Suite 865
Laneyside, IA 92044",321.919.5831
Glennie,Fritsch,cmarks@hotmail.com,"Collins, Herman and Corwin",14-2385039,"221 O'Keefe Corner
East Lizethshire, KY 77830","(720) 562-2371",Aubree,Tremblay,leanna52@hotmail.com,Barrows-Kuvalis,32-0812867,"71144 Murphy Shoal Suite 056
New Arlenefort, NC 27725-5129",+1-210-385-6086,Connie,Deckow,bobbie98@rau.com,"Donnelly, Trantow and Bayer",33-3258076,"81499 Jacobs Burg
Port Aron, AZ 09126",1-865-521-0466,Shanna,Farrell,alanis67@gmail.com,"Johnston, Hamill and Feil",40-1313197,"510 Ulises Tunnel
Lake Joaquinmouth, DC 71514",1-478-972-4420,Sophie,Hermiston,dicki.nash@mckenzie.com,"Hermann PLC",73-6591166,"888 Lehner Drive
Mannview, VA 00670-3714",+1-435-509-1418,Michelle,Johnson,okon.melody@sauer.com,Brekke-Huel,52-1622750,"857 Rohan Light Suite 865
Laneyside, IA 92044",321.919.5831,Cameron,Mosciski,schroeder.evangeline@yahoo.com,Wisozk-Lindgren,53-1748836,"408 Glover Prairie Suite 689
West Geovany, MS 23478","+1 (631) 219-6269"
Glennie,Fritsch,cmarks@hotmail.com,"Collins, Herman and Corwin",14-2385039,"221 O'Keefe Corner
East Lizethshire, KY 77830","(720) 562-2371",Aubree,Tremblay,leanna52@hotmail.com,Barrows-Kuvalis,32-0812867,"71144 Murphy Shoal Suite 056
New Arlenefort, NC 27725-5129",+1-210-385-6086,Connie,Deckow,bobbie98@rau.com,"Donnelly, Trantow and Bayer",33-3258076,"81499 Jacobs Burg
Port Aron, AZ 09126",1-865-521-0466,Shanna,Farrell,alanis67@gmail.com,"Johnston, Hamill and Feil",40-1313197,"510 Ulises Tunnel
Lake Joaquinmouth, DC 71514",1-478-972-4420,Sophie,Hermiston,dicki.nash@mckenzie.com,"Hermann PLC",73-6591166,"888 Lehner Drive
Mannview, VA 00670-3714",+1-435-509-1418,Michelle,Johnson,okon.melody@sauer.com,Brekke-Huel,52-1622750,"857 Rohan Light Suite 865
Laneyside, IA 92044",321.919.5831,Cameron,Mosciski,schroeder.evangeline@yahoo.com,Wisozk-Lindgren,53-1748836,"408 Glover Prairie Suite 689
West Geovany, MS 23478","+1 (631) 219-6269",Tyree,Moen,dejuan30@murray.com,"Smitham, Mitchell and Hintz",75-1322666,"546 Wisoky Valley
Aufderharborough, CT 06221","+1 (603) 774-5286"
Glennie,Fritsch,cmarks@hotmail.com,"Collins, Herman and Corwin",14-2385039,"221 O'Keefe Corner
East Lizethshire, KY 77830","(720) 562-2371",Aubree,Tremblay,leanna52@hotmail.com,Barrows-Kuvalis,32-0812867,"71144 Murphy Shoal Suite 056
New Arlenefort, NC 27725-5129",+1-210-385-6086,Connie,Deckow,bobbie98@rau.com,"Donnelly, Trantow and Bayer",33-3258076,"81499 Jacobs Burg
Port Aron, AZ 09126",1-865-521-0466,Shanna,Farrell,alanis67@gmail.com,"Johnston, Hamill and Feil",40-1313197,"510 Ulises Tunnel
Lake Joaquinmouth, DC 71514",1-478-972-4420,Sophie,Hermiston,dicki.nash@mckenzie.com,"Hermann PLC",73-6591166,"888 Lehner Drive
Mannview, VA 00670-3714",+1-435-509-1418,Michelle,Johnson,okon.melody@sauer.com,Brekke-Huel,52-1622750,"857 Rohan Light Suite 865
Laneyside, IA 92044",321.919.5831,Cameron,Mosciski,schroeder.evangeline@yahoo.com,Wisozk-Lindgren,53-1748836,"408 Glover Prairie Suite 689
West Geovany, MS 23478","+1 (631) 219-6269",Tyree,Moen,dejuan30@murray.com,"Smitham, Mitchell and Hintz",75-1322666,"546 Wisoky Valley
Aufderharborough, CT 06221","+1 (603) 774-5286",Winfield,DuBuque,vallie.steuber@reichel.com,"Turner PLC",46-6543977,"9496 Lelah Port Apt. 738
Theresiamouth, NJ 81469-2553",+1.657.787.0911
