name,alias,description,deadline
"dolorem ut",dolorem-ut,"Tempora aut inventore rerum. Similique sequi animi ea rem repellendus possimus hic.",2019-08-10
"qui ratione",qui-ratione,"Nisi nisi quod qui voluptas dolores. Harum ut incidunt expedita. Vitae porro quia sapiente.",2013-08-11
"architecto laboriosam",architecto-laboriosam,"Animi consequatur iure ullam asperiores velit ut omnis sed. Sit non aspernatur est.",2021-05-30
"doloribus autem",doloribus-autem,"Explicabo iure totam sapiente eaque non assumenda ratione. Ea nisi omnis iste corporis quae.",1975-01-20
"dicta aut",dicta-aut,"Est rerum incidunt non laboriosam itaque optio. Quasi accusantium totam voluptatem earum.",1975-01-20
"architecto est",architecto-est,"Libero non nulla odio sed aut non. Ab voluptatum ratione ut eaque placeat officia id qui.",1985-12-31
"et ut",et-ut,"Ducimus tempora est et aut tenetur dolor. Provident labore rerum dolorem et.",2015-10-04
"sit quod",sit-quod,"Ex adipisci sed qui similique est nihil. Ut enim repellat qui alias.",2016-12-20
"quidem voluptatem",quidem-voluptatem,"Non aliquam quis ut voluptatum ex ducimus. Aut excepturi dolor harum et deserunt cumque aut.",2000-12-06
